AbReturn_0,AbReturn_1,AbReturn_2,AbReturn_3,AbReturn_4,AbReturn_5,AbReturn_6,AbReturn_7,AbReturn_8,AbReturn_9,AbReturn_10,AbReturn_11,AbReturn_12,AbReturn_13,AbReturn_14,AbReturn_15,AbReturn_16,AbReturn_17,AbReturn_18,AbReturn_19,AbReturn_20
-0.014123771074483557,-0.11851346327299025,-0.060590858654063315,0.03179164727540411,0.03878868651545251,0.015859611421240642,0.055092577896185754,-0.01713509332172304,-0.26128926285531806,0.059968115306223146,0.05734161125186451,0.12155395570420979,-0.055786681253893036,-0.05259608876055161,0.09416026916426687,0.024812056957733572,0.1558735619403721,0.1558735619403721,0.06145603189438577,0.01461007605461358,-0.02208906410927582
